Metric Name,Value
test_Accuracy,0.6690762639045715
test_Precision,0.7209855914115906
test_Recall,0.6690762639045715
test_F1Score,0.6916122436523438
test_AUROC,0.7039194703102112
test_Accuracy_epoch,0.6744186282157898
test_Precision_epoch,0.7250000238418579
test_Recall_epoch,0.6744186282157898
test_F1Score_epoch,0.6987952589988708
test_AUROC_epoch,0.7093023061752319
avg_test_loss,0.6369233131408691
