Metric Name,Value
test_Accuracy,0.9306915402412415
test_Precision,0.9362249374389648
test_Recall,0.9306915402412415
test_F1Score,0.932862401008606
test_AUROC,0.9371573328971863
test_Accuracy_epoch,0.931506872177124
test_Precision_epoch,0.9379310607910156
test_Recall_epoch,0.931506872177124
test_F1Score_epoch,0.9347079396247864
test_AUROC_epoch,0.9386450052261353
avg_test_loss,0.24765482544898987
