Metric Name,Value
test_Accuracy,0.5290697674418605
test_Precision,0.5365957446808511
test_Recall,0.5290697674418605
test_F1Score,0.503545593842426
test_AUROC,0.5222417522985399
