Metric Name,Value
test_Accuracy,0.5348837209302325
test_Precision,0.5373263888888888
test_Recall,0.5348837209302325
test_F1Score,0.5271477663230241
test_AUROC,0.5557733910221742
